index,mean_x,mean_y,mean_z,std_x,std_y,std_z,label,file_id
0,-0.5717441890000001,-0.0360686268,0.8198181467999999,0.0136939639471837,0.007208351781839,0.0094837356208926,1,8405
1,-0.5674357792000001,-0.03732071208,0.8221824579,0.0133448644438831,0.0093800942405814,0.0083510180071961,1,8405
2,-0.5667975072000001,-0.03638164812,0.8224977027,0.0073772214298812,0.0076674251261245,0.0061984398601555,1,8405
3,-0.5758930274,-0.03106028568,0.8176114619999999,0.0104662049522214,0.0058771805774293,0.0072178790172963,1,8405
4,-0.5797227232000001,-0.03419049888,0.8139861812999999,0.0097433346046119,0.0107563166022537,0.008704173326013,1,8405
5,-0.5944032449999999,-0.03262539228,0.8031103409999999,0.0065636252200262,0.0108251063671289,0.0057117327901888,1,8405
6,-0.5998286569999999,-0.0251128806,0.8005884066,0.009432164823835,0.0077060521974237,0.0076368501243433,1,8405
7,-0.6019030819999999,-0.0243303273,0.7975936095,0.0079154390910368,0.007825533,0.0078810449999999,1,8405
8,-0.605573215,-0.02683449786,0.7939683288000003,0.0076493946874321,0.0071376376847938,0.0073896803215515,1,8405
9,-0.6092433475,-0.03121679634,0.7909735317000002,0.005683698966606,0.0027199562573348,0.0053275496784047,1,8405
10,-0.6145091746000001,-0.023078242036,0.7882939800000003,0.0111791524941059,0.0092939696105851,0.0070561297741879,1,8405
11,-0.613073041,-0.03184283889,0.7886092218000003,0.0094280595392222,0.009023816425868,0.007077433892311,1,8405
12,-0.6116369045000002,-0.04295509476,0.7914463996000001,0.009200248248328,0.0307132322885098,0.0115805388745396,1,8405
13,-0.5666379238,-0.059388706082,0.8217095843999997,0.0330461242624453,0.0354041832973995,0.0353999239794894,1,8405
14,-0.5773291642000001,-0.0703444493999999,0.8136709413,0.0124804029658098,0.0078633804263999,0.0078427407878209,1,8405
15,-0.5880204108000001,0.002433002292,0.8076813313000002,0.1147183044159342,0.1219797712579841,0.0995291756556776,1,8405
16,-0.5696697727000002,-0.014783176432,0.8305363235000001,0.0621955830749176,0.0478054797001775,0.0486990473141678,1,8405
17,-0.5269048089999999,0.0141712945259999,0.8478746050000001,0.0352882452795349,0.0225870816879785,0.0236690851390544,1,8405
18,-0.5096711742,-0.0168178144,0.8642671417,0.0587295214815127,0.0698257525205527,0.0940823148840248,1,8405
19,-0.5934458102,0.020118704132,0.7993274487,0.0639850498121176,0.1094624537719691,0.0588151729150033,1,8405
20,-0.5936053867000001,0.0838185397699999,0.8070508549999998,0.082853323810844,0.1045422876435967,0.0503138099643628,1,8405
21,-0.5888182734,-0.045772286444,0.8195028836999999,0.0606037848905298,0.0798881369821701,0.0409323397629236,1,8405
22,-0.5446171626,-0.000853724394,0.8335311134999998,0.0313494425056566,0.0983434127370205,0.0785409402255639,1,8405
23,-0.5546701151,-0.039198839382,0.8284872587000001,0.015618228081229,0.0156510645606062,0.023655819530095,1,8405
24,-0.5869034058,0.025127042956,0.8133556869999999,0.0642492036686683,0.1270699554490684,0.0844923644740465,1,8405
25,-0.5166922907,-0.033094922174,0.8537065562000001,0.0592162480479167,0.073977263392016,0.0743670422242036,1,8405
26,-0.5225964040000001,-0.004609984164,0.8590656574,0.0477030234217439,0.0305253531744723,0.058048767138443,1,8405
27,-0.5640847997,0.007128314708,0.8269110537000001,0.0338215688592526,0.0171477695451503,0.0367504975019826,1,8405
28,-0.5891374084000001,-0.000697218038,0.8106761417999999,0.0169390938448543,0.0066439099456286,0.0111522279651603,1,8405
29,-0.5814780066000002,-0.005079516434,0.8187147963,0.0181471649279258,0.0125603131209736,0.0128491813025678,1,8405
30,-0.5224368302,-0.011496452856,0.8538641824,0.0580157206546506,0.0414897129182695,0.0707487831764622,1,8405
31,-0.5596168109999999,0.021996827158,0.8278567801000003,0.0290322433949326,0.0250787304128399,0.0348839660816935,1,8405
32,-0.5369577678,-0.062205904256,0.8614299643999999,0.0457208316848291,0.0632512672908942,0.0509888537796784,1,8405
33,-0.5912118153,0.0082238927639999,0.8024798576,0.0625409625459216,0.0932308900104272,0.0683213689474581,1,8405
34,-0.5498829929000001,0.0044676380359999,0.823601019,0.1017012783952572,0.095843974708674,0.0556935177136233,1,8405
35,-0.5217985487,-0.06064079533,0.8655280959999999,0.0517192577937838,0.0392715774556958,0.0439023075076821,1,8405
36,-0.5495638577999999,-0.037790241252,0.8363682982000001,0.0290468540699762,0.0287556372884228,0.0225700551215831,1,8405
37,-0.5821162964,-0.012122495972,0.813513312,0.0220338743065512,0.0117406704765542,0.0149145650086922,1,8405
38,-0.5944032365999999,-0.001323257442,0.8053170263999999,0.0708694294434137,0.1207762351956641,0.0777659558586236,1,8405
39,-0.5254686747999999,-0.0853694744,0.8507117516,0.0133516046887066,0.0141350610357547,0.0111296875418222,1,8405
40,-0.5390321916,-0.07331815518,0.8410969027,0.0387217571625043,0.029585619147967,0.0413516941247935,1,8405
41,-0.4937141155000001,-0.1071244604,0.8689957659999998,0.0097604830196023,0.0088199797212422,0.0069702541098443,1,8405
42,-0.5045649160000001,-0.1016465891999999,0.8617452047999998,0.0224386898419856,0.0122844476774387,0.0099637840599921,1,8405
43,-0.5122243066000001,-0.0892822472899999,0.8559132408,0.0181443068925807,0.0202054385536784,0.0145836229012777,1,8405
44,-0.6891882402,-0.0323123627699999,0.7859296910000001,0.1063537597302521,0.0975716242476009,0.0697994264794362,1,8405
45,-0.8318444653,0.107608161386,0.4323866924,0.1651633366977459,0.1928217910521481,0.0823079624041311,1,8405
46,-0.9070022635000002,0.051733854648,0.38588859627,0.1471155253441834,0.0789226358502675,0.252344726339004,1,8405
47,-0.8798752432999999,0.19259345232,0.36602840549,0.2716134108446083,0.2395877499764969,0.2471680603035609,1,8405
48,-0.3263244177999999,-0.25440099115,0.9161243249000002,0.2303749377208866,0.1672759937257951,0.1604179194467111,1,8405
49,-0.7541335288,0.13202382769,0.4807762133200001,0.167603667946877,0.335186106359549,0.3102046902193697,1,8405
50,-0.9400334148,0.3381483617999999,0.2188107482,0.0324650617400087,0.0289955696032352,0.0692710710112703,1,8405
51,-0.8320040466999999,0.4873030283999999,0.0957090516399999,0.116284750088427,0.0453185329470425,0.0972666115333396,1,8405
52,-1.0467861877,0.0932091790379999,0.1250264833099999,0.3367599603272583,0.1503160918030942,0.0509534098307155,1,8405
53,-1.0100849,0.007441335992,0.1108406287999999,0.0,0.0078586618042156,0.0049994824510105,1,8405
54,-1.0100849,0.0129192088819999,0.1102101463999999,0.0,0.0059086710955882,0.0037621398111453,1,8405
55,-0.9775324915000002,0.0911745406959999,0.1658502254599999,0.1695110102560258,0.1245955096602317,0.1489848586824727,1,8405
56,-0.1815937705499999,-0.2187165592599999,0.9589971368,0.1544380056371138,0.1162195762099103,0.1443103888529393,1,8405
57,-0.5211602722299999,-0.0509371335719999,0.754247955,0.3256001205648523,0.273070342086127,0.231209454144455,1,8405
58,-0.5465320154000002,-0.026364964746,0.8514998689999999,0.057349344667458,0.0388423740416247,0.0445511545864807,1,8405
59,-0.516851855,-0.04498973328,0.8567013391,0.0139985928783059,0.0098622894812556,0.0110890375984012,1,8405
60,-0.5468511359999999,-0.02260871004,0.8392054557,0.0073335240078704,0.0084180758070658,0.0062146097546078,1,8405
61,-0.5607338142,0.015423384058,0.8250196065000001,0.1399532933152174,0.154817750154445,0.0859914564564431,1,8405
62,-0.5549892644,0.0173015106719999,0.8354225669000002,0.0739631335715285,0.0735075192351399,0.1066302552636116,1,8405
63,-0.6250408128000001,0.044377853014,0.7856144503000002,0.1272662245178337,0.0719364550826404,0.1182986428900364,1,8405
64,-0.5178092865999999,-0.052032710986,0.8518151099000001,0.1049044907545415,0.0560073249484254,0.0905737167713324,1,8405
65,-0.538553482,-0.0177568743679999,0.8414121541000001,0.1049535112910603,0.0854542615623187,0.0934795571146384,1,8405
66,-0.5210006953,0.0266921471979999,0.8563861070000001,0.0563996687661075,0.0290296805616942,0.0661589464830591,1,8405
67,-0.5975946485,0.048760152724,0.799327448,0.1014646710242232,0.1684831562828939,0.1552822609496862,1,8405
68,-0.5548296872,-0.034660030504,0.8316396802,0.0131184161762228,0.0126418007126746,0.0108128750517191,1,8405
69,-0.5565849596000001,-0.019008964924,0.8311668174000001,0.0166943771789973,0.0111881597783225,0.012039498173383,1,8405
70,-0.5921692509999998,-0.02683449786,0.8064203798999998,0.0062915214166737,0.0071376376847938,0.0054394264431113,1,8405
71,-0.5975946649999999,-0.02370428466,0.8026374782999999,0.0061593144919366,0.0078633834409103,0.0061984599722114,1,8405
72,-0.609722056,-0.019791518192,0.7927073619000001,0.0085149750771839,0.0093377936445258,0.007126912209212,1,8405
73,-0.5672762101000002,-0.032312370338,0.8221824579,0.0167243917599892,0.0143857760955381,0.0086463011612525,1,8405
74,-0.5655209356,-0.0503110942799999,0.8215519767,0.010642883751829,0.0092512715958062,0.0078427226633773,1,8405
75,-0.5896161134999999,-0.02918215758,0.8075237264999998,0.0120814506797116,0.009177429771987,0.0084955320739394,1,8405
76,-0.5846694203999999,-0.03168632832,0.8089423142999999,0.0111618949874195,0.0054399125146697,0.0073811854568954,1,8405
77,-0.5993499459999999,-0.0171308369399999,0.8018493738000001,0.008672115502504,0.0045016142449336,0.0072178837024377,1,8405
78,-0.606530641,-0.03121679634,0.7941259497000003,0.0072772038850276,0.0052146500871699,0.0074488731224399,1,8405
79,-0.606530641,-0.031373307,0.7936530870000003,0.0072772038850276,0.0022245456552859,0.0072594856821258,1,8405
80,-0.6100412030000001,-0.03982488264,0.7895549439000004,0.0040919174496608,0.0078397483305173,0.0038282693118328,1,8405
81,-0.610679475,-0.03982488264,0.7905006726,0.0129208632451013,0.0078397483305173,0.0093719489889613,1,8405
82,-0.5752547422,-0.0484329671399999,0.8182419449999999,0.0088931937127256,0.008642865040967,0.0070916074580777,1,8405
83,-0.5977542370000001,-0.0537543266699999,0.7986969564000002,0.0155025267119804,0.0141140312269004,0.0124292625031146,1,8405
84,-0.612115623,-0.0673707480899999,0.7879787370000004,0.0038086806593451,0.008173499287765,0.0049185158788629,1,8405
85,-0.61450918,-0.0579801129899999,0.7854568068000003,0.0069147230769247,0.008173498173668,0.006562268876709,1,8405
86,-0.6130730425,-0.0587626657499999,0.7876634961000003,0.0079478493071052,0.0068112482894725,0.0057902699102085,1,8405
87,-0.6149878895000002,-0.0532847957099999,0.7862449107000005,0.008522512630272,0.0080207090608587,0.0071039771953855,1,8405
88,-0.6298279486000001,-0.03872930802,0.7755267108000004,0.007191857416618,0.007850786903482,0.0068595513400454,1,8405
89,-0.6387638979000001,-0.04358113839,0.768118562,0.0113072498199072,0.0068853189349801,0.0092043983343294,1,8405
90,-0.6473807061,-0.04718088339,0.7596070799999999,0.0078091003447184,0.0035137952363069,0.0054967624573677,1,8405
91,-0.6481785592,-0.04702437273,0.7588189779999999,0.0074810873603574,0.0038530249908886,0.0055309033753621,1,8405
92,-0.6467424237999999,-0.0454592664,0.7588189799999998,0.0067490797709201,0.0047189739537353,0.0045335214693136,1,8405
93,-0.6486572710999999,-0.03559909482,0.76007994,0.0088931941930096,0.0073291943355298,0.0059505516990978,1,8405
94,-0.6529656772,-0.02777356182,0.7574003979999998,0.0077843602048946,0.0066196588177231,0.0031682912592166,1,8405
95,-0.6587102188,-0.0212001141,0.7572427789999998,0.0022452428208504,0.0075026904082227,0.00157621,1,8405
96,-0.6588697892000001,-0.02057407146,0.7547208429999998,0.0027731329495416,0.0072749785613684,0.0059505894516146,1,8405
97,-0.6540826704,-0.01979151816,0.7566122919999998,0.0089852636517771,0.0068996785753384,0.0051939756102172,1,8405
98,-0.6456254298999999,-0.0212001141,0.7640204399999999,0.0070710411121118,0.0075026904082227,0.0078186607186095,1,8405
99,-0.64275316,-0.02996471106,0.7657542606000001,0.0078501604116087,0.0059253979552047,0.0082177072366246,1,8405
100,-0.6352533456000002,-0.0243303273,0.7730047818000003,0.0100140933741285,0.007825533,0.0041882541776862,1,8405
101,-0.6342959225000001,-0.03043424304,0.7725319212000004,0.007978525,0.0062207779555753,0.0044355981719553,1,8405
102,-0.6668483447,0.0235619356679999,0.7588189433,0.0874150501435624,0.0944972510654123,0.0632110268535219,1,8405
103,-0.5779674523,-0.016035260472,0.8213943314,0.0824231894331422,0.0982075792165267,0.1076478658542665,1,8405
104,-0.6256790943999999,0.0245010011,0.7714285982,0.093653697115589,0.0921309746571089,0.0955463760045783,1,8405
105,-0.5481277209000001,-0.0437376441859999,0.8418850181999998,0.0270624773084503,0.0316398083287311,0.0309229208441008,1,8405
106,-0.5814780072,-0.05735407068,0.8100456608999999,0.0141675395308507,0.008088291778058,0.0103200986252126,1,8405
107,-0.5825950058000001,-0.03888581832,0.8119371008999999,0.0210689940475463,0.0124812666369739,0.0150985152363423,1,8405
108,-0.5608933816,-0.02166964608,0.8276991731999999,0.0116478916530174,0.0076350866221333,0.0082070276793427,1,8405
109,-0.5892969797999998,-0.0282430938,0.8086270682999998,0.0159820490021302,0.0099484706085424,0.0105972242631351,1,8405
110,-0.6022222239999998,-0.02714751918,0.7980664722,0.0079608001448653,0.0079758570920538,0.0078187053626562,1,8405
111,-0.6113177655,-0.0465548403899999,0.7884516003000005,0.0073475387076275,0.0064684171941023,0.006514296703843,1,8405
112,-0.6102007406,0.033735127806,0.7887668621,0.1092390119154251,0.0742718462706472,0.0668538065227808,1,8405
113,-0.5098307504,-0.022765217668,0.8548099044000002,0.1179026079204001,0.0823194592557211,0.1405947933114876,1,8405
114,-0.5912118181,0.03154398006,0.8226553041999999,0.0455517537820333,0.1044347790642477,0.0506441552684166,1,8405
115,-0.5813184293999999,-0.0219826674,0.8130404552999999,0.0097959923473234,0.0080207134247441,0.0096242736932824,1,8405
116,-0.5452554518999999,-0.032625386258,0.8393630844000002,0.1782779285986266,0.2083685717186044,0.1347176940312307,1,8405
117,-0.5802014353,0.056116153012,0.8202909817999999,0.0704853332389851,0.1175245600445691,0.0882725189814648,1,8405
118,-0.5725420320999998,-0.016817815614,0.8362106705999999,0.0792899679827407,0.0326375797731506,0.0118546563643322,1,8405
119,-0.5321706501,0.0337351305819999,0.8451950454999998,0.1280463472192154,0.1119748859887825,0.0971187903726536,1,8405
120,-0.5171709953,0.037647894154,0.8481898409999998,0.0406918708194649,0.0773519967684441,0.0743071248275856,1,8405
121,-0.6226472554,0.12545037792,0.7737929005000004,0.0266511504893607,0.0263192992253089,0.0184632862125079,1,8405
122,-0.5723824824999999,0.060185432454,0.8229705344,0.0754359361762727,0.0706752901071955,0.0949092999586427,1,8405
123,-0.5746164675000001,0.067697942354,0.8231281594000001,0.0583682144009774,0.0970436194039467,0.1110950111380646,1,8405
124,-0.5687123537000001,0.0589333436179999,0.8215519473999997,0.0530556529224297,0.0617628969752416,0.0850217631034628,1,8405
125,-0.5412661792,0.029509342236,0.8436188332000002,0.0911396355122429,0.1343208388315973,0.1185351491271484,1,8405
126,-0.6478594248,0.124980848736,0.7452635773000003,0.0848774230953499,0.0782867831825755,0.0477275237373279,1,8405
127,-0.6791352927999997,0.1371886771,0.7337572715999999,0.0528808357638904,0.0365431993776875,0.0446099732677611,1,8405
128,-0.6767417304000002,0.2185742194219999,0.7069617722000001,0.1724738562446437,0.086912715982499,0.1297260543315726,1,8405
129,-0.8747689781,0.3143587438999999,0.32599277259,0.188007735999298,0.0428532612186109,0.3342035613255468,1,8405
130,-0.7978559015000002,0.27538758952,0.50489216598,0.1756156805797463,0.0819466580521729,0.2715412252527251,1,8405
131,-0.9200870701999996,0.273978994596,0.31637791633,0.1152137117297773,0.1358338804573871,0.2135483858972126,1,8405
132,-0.7531761082999999,0.165517108056,0.6084488985,0.1884043379768478,0.1442387569366145,0.1810697582886497,1,8405
133,-0.5553084038000001,-0.044989731202,0.8450374230000002,0.0596843556434216,0.0393345310719008,0.0538292968513757,1,8405
134,-0.5326493633000001,-0.0728486250599999,0.8444069473999999,0.0604627181620671,0.0258827569397074,0.030428809649663,1,8405
135,-0.5297770861999999,-0.07738743114,0.8464560078000001,0.0404767240398669,0.0202445879195681,0.0321839182604831,1,8405
136,-0.5374364793,-0.00774019297,0.8382597336,0.0513589577936185,0.0628997849942376,0.0491164697378889,1,8405
137,-0.5760526088999999,0.044221341392,0.8217095692,0.0349896199474357,0.017942447105733,0.0366537495386238,1,8405
138,-0.4996182213,-0.036694668336,0.8738819935,0.0974068185287105,0.0665589095290328,0.1087628362529737,1,8405
139,-0.5048840580999999,-0.0487459874539999,0.8697838654000001,0.0543487735414235,0.0394751847370781,0.0686012402517467,1,8405
140,-0.5052031921999999,0.004624145306,0.8634790375999998,0.0561320280258472,0.0567368154925831,0.0704493061620083,1,8405
141,-0.4927566814999998,-0.008992280934,0.8793987159,0.0781792869457021,0.0851816534180833,0.1281812558932578,1,8405
142,-0.5631273747,0.0290398081719999,0.8228129219,0.0439493784787546,0.0506796217822542,0.096395681301407,1,8405
143,-0.6208919716,0.0155798920379999,0.7934954860000001,0.0687143035095899,0.0625647298586516,0.0504592341633779,1,8405
144,-0.5186071376,-0.055788966448,0.8544946621999999,0.0718650082922712,0.0339066270915393,0.0514650228485298,1,8405
145,-0.5182879983,-0.02589543122,0.8579623138000001,0.0954028132041808,0.0667131913456711,0.067425126645991,1,8405
146,-0.4988203692,-0.0161917721699999,0.8745124777,0.0594434034831082,0.0390694418658056,0.0532638546480808,1,8405
147,-0.5334472105999999,0.001024399348,0.8420426403000002,0.0410543332924828,0.0278961033798922,0.0707266054197785,1,8405
148,-0.5399896173000001,-0.00523602547,0.8434612197999999,0.069367163268465,0.0733781455202055,0.0747549512592155,1,8405
149,-0.6019030588000001,0.0143278061079999,0.8057898888000001,0.0709711636144462,0.0453545508801662,0.0390134517730504,1,8405
150,-0.5884991044,-0.001323258874,0.8050017888,0.0642772201210206,0.0713132591224856,0.0647363838609667,1,8405
151,-0.5608933834,-0.04248556386,0.8297482377000002,0.011647889259056,0.0071376376847938,0.0084108926574576,1,8405
152,-0.5733398925000001,-0.04718088174,0.8174538381,0.01707142733408,0.0112323004498224,0.0101916274208033,1,8405
153,-0.5770100192000001,-0.0512501575499999,0.8172962189999999,0.0103984093578612,0.0103995981529757,0.0086767383705551,1,8405
154,-0.5768504468000001,-0.0598582399499999,0.8161928744999999,0.0082946334996834,0.0084356886197894,0.0077136833255354,1,8405
155,-0.5773291584,-0.06956189824,0.8155623860999998,0.0150922715019695,0.0118382603472046,0.0104349538241541,1,8405
156,-0.6737098693,-0.0177568714599999,0.8119371090000002,0.1948492565347994,0.1182917696263964,0.077069027443194,1,8405
157,-0.490203552,0.7219125037999998,0.26609694245,0.1696817954803923,0.1816059870622029,0.098779023741491,1,8405
158,-0.8393442657,0.4686782532999999,0.09129567969,0.3235873031684735,0.1698885221544507,0.1508789868006451,1,8405
159,-0.8095045706999998,0.2858738049059999,0.4077978617199999,0.1317271176046691,0.1510375573682846,0.2895426711924828,1,8405
160,-0.83950384818,0.1943150695999999,0.3218946255999999,0.2881186298914797,0.0780869410290374,0.4391810992246039,1,8405
161,-0.9714688318999998,0.174594726,0.2898976525999999,0.0832150764864995,0.056789999237745,0.1063438190623025,1,8405
162,-0.85929061694,0.0232489190559999,0.27476606609,0.2763787681870877,0.262123746321073,0.4854719968023214,1,8405
163,-0.9853514868,-0.0963252254,-0.02392498482,0.2211818108440738,0.3168035346820937,0.2848845083753205,1,8405
164,-0.9408312443,-0.055945476566,0.19690148817,0.185996080089616,0.1819000378207097,0.1057071170340797,1,8405
165,-0.9615754616,-0.2648872045,0.2484434228999999,0.0351304498619108,0.0311182043237407,0.0189164729009037,1,8405
166,-0.65871021556,0.0291963210279999,0.57755525425,0.3862596890049045,0.3172271925804464,0.4861399911325529,1,8405
167,-0.8489185158999999,0.201201539582,0.07301168753,0.2769098575707429,0.1121802040992957,0.4328414140951021,1,8405
168,-0.6936562035999999,-0.5602228162,-0.6094855486,0.2962814239649045,0.1652808228935982,0.138322055370819,1,8405
169,-0.5787653013,-0.5010617870999999,0.0974428788099999,0.2522571260529361,0.1509169385976996,0.6330392044280004,1,8405
170,-0.07978764483,-0.6079585651000001,0.7589765690000001,0.2381171458781784,0.1119527860920052,0.0928180191453206,1,8405
171,-0.12781843583,-0.38618296615,0.7165766325600003,0.3143448357886748,0.4559561878657466,0.3032149113366408,1,8405
172,-0.8058344328,0.5547591183999999,0.26452074022,0.2194379312867849,0.2029143580031072,0.1161916380052611,1,8405
173,-0.3625469718999998,0.8643372006999998,0.325204679,0.1116230352380342,0.0423163879934347,0.0500540301303567,1,8405
174,-0.4033970755,0.8936046936999997,0.1653773567599999,0.0379501995436555,0.0245205035904556,0.053829294989655,1,8405
175,-0.4183967346,0.9084731992,0.08278416046,0.0232050529593473,0.0126574457598183,0.0305539151563083,1,8405
176,-0.3904718566000001,0.910038307,0.14819671092,0.0403847979179583,0.0211478073673192,0.0320275902933091,1,8405
177,-0.3829720283,0.8921960873,0.1751498338,0.0315493980527738,0.0545124845431968,0.0224948826280367,1,8405
178,-0.8198766587399998,0.3681984140199999,-0.263035443,0.2870004658010431,0.3209091601061402,0.2236579536457455,1,8405
179,-0.5848289777299999,-0.6298700609999999,0.40496069317,0.3888836164820717,0.1502370625843289,0.3795247870785734,1,8405
180,-0.7750373023999999,-0.5697699653000001,-0.39906203235,0.0883911406464295,0.0780812339608937,0.186225252513029,1,8405
181,-0.6947732213000002,-0.027460536678,0.4533502177499999,0.127618696329662,0.1290691841208294,0.4973428272192043,1,8405
182,-0.5636060794,-0.138583103554,0.8183995394999998,0.0500502436102664,0.0757122051389082,0.0617067359132764,1,8405
183,-0.4724912014,-0.0911603718699999,0.8795563518,0.0348197577491627,0.0139598027102764,0.0257758697853256,1,8405
184,-0.5463724510000001,-0.0750397686,0.8322701563000002,0.0460819685625326,0.0084107239213368,0.0296684167925202,1,8405
185,-0.6363703391,-0.05829313404,0.7706404817999999,0.0091230336548877,0.0070627094394472,0.006984609850482,1,8405
186,-0.6520082535999999,-0.0515631795299999,0.7567699149999999,0.0079607801893593,0.0071376335803616,0.0038282687129643,1,8405
187,-0.6402000296999999,-0.0623624092059999,0.7707981255000002,0.0710146272451149,0.0207467929453628,0.0221072086189855,1,8405
188,-0.4929162531,-0.039355345304,0.8672619256,0.1137438224540561,0.1220563206984828,0.0970981092721287,1,8405
189,-0.44265148,-0.0539108398099999,0.8973674737999999,0.0352328061340704,0.0205478646289634,0.0241581004775065,1,8405
190,-0.4761613226,-0.0485894784299999,0.881763057,0.0221549234658736,0.00609216644547,0.0104829403764407,1,8405
191,-0.4994586504,-0.0546933909299999,0.8683652839999998,0.0134178932329237,0.0078633789191448,0.0080527225455933,1,8405
192,-0.5149369898,-0.04702437291,0.8593808877000001,0.0035536578402837,0.0022245450156839,0.0082177556703858,1,8405
193,-0.53855347,-0.00241883198,0.8464559939999999,0.0452117149019637,0.1404175630365794,0.048433197685451,1,8405
194,-0.5146178713,-0.0489024959739999,0.8444069471999999,0.0888705435058869,0.1506508540734499,0.113804816158989,1,8405
195,-0.4969055158,-0.03106028526,0.8732515277000001,0.032212542781354,0.0135277241672625,0.0159007719448966,1,8405
196,-0.4943523877,-0.029495178724,0.8732515238000002,0.0277665778113545,0.0120372373232614,0.0136962375712856,1,8405
197,-0.6074880326,0.0101020205339999,0.7824620435000001,0.0572362115818422,0.0737253181811159,0.0523533579234177,1,8405
198,-0.545893727,-0.067370753732,0.8450374249000001,0.0785048032047301,0.063017885168248,0.0459850327963035,1,8405
199,-0.5300962234,-0.1080635250999999,0.8433035835,0.0144657581791271,0.0087580438295947,0.0087845013218688,1,8405
200,-0.5442980157999999,-0.0947601188,0.8336887409,0.0248135393713632,0.0134166128245948,0.0216883453993211,1,8405
201,-0.5316919312999999,-0.0967947591,0.8444069291000001,0.0134140717363525,0.0092739815387947,0.0106220421686085,1,8405
202,-0.5366386237999998,-0.1039942483999999,0.8362106699999999,0.0093664734609266,0.0075503554314676,0.0080775792282915,1,8405
203,-0.5575423872,-0.1018030994999999,0.8247043797000001,0.0172012568257591,0.0098233265214072,0.0122410505416395,1,8405
204,-0.5770100198000001,-0.0947601216,0.8092575560999998,0.0087899267979436,0.006811253006978,0.0071882699603408,1,8405
205,-0.5624890891,-0.0235477677139999,0.8092575456,0.1260216941991396,0.140208157748975,0.0451576248635242,1,8405
206,-0.5548296955,-0.0420160286919999,0.8401511817999999,0.0676414047157927,0.1236151002060412,0.0966556706783656,1,8405
207,-0.6100411648,-0.0490590084679999,0.7931802407000003,0.072975030499385,0.036325881189172,0.0556869841884988,1,8405
208,-0.5481277235,-0.046867859296,0.8346344652,0.0875291391935978,0.0353482306489802,0.0553998548393713,1,8405
209,-0.5672762089,-0.028243090926,0.8131980574000002,0.0865242990160234,0.0498417362020359,0.0513038520204096,1,8405
210,-0.4833420047,-0.041076965488,0.8841273374999998,0.0704734612583355,0.070303382795384,0.0835829276529801,1,8405
211,-0.598392498155,0.107295143314,0.7660695061999999,0.2884157977254322,0.2447305614479535,0.2852113073457191,1,8405
212,-0.09063845459,0.7538406797999998,0.5775552542000001,0.0709928972009229,0.0856104780715756,0.0604511221683172,1,8405
213,-0.5160539987850001,0.44379306051,0.57865860048,0.3756801769039422,0.2648285876892898,0.2567707778796609,1,8405
214,-0.5431810255999998,-0.0684663248299999,0.846456007,0.0288335623500193,0.0177483320364012,0.0225567098622344,1,8405
215,-0.5607338048,-0.06267543039,0.8262805820999999,0.0202504386043787,0.011122723586014,0.0129967540843664,1,8405
216,-0.5655209315999999,-0.07300513109,0.8217095906999998,0.0174241020391459,0.0111715592870609,0.0130015888330819,1,8405
217,-0.5703080585999999,-0.0770744064,0.8165081110000001,0.0171713273958104,0.0082278123371396,0.0121422636008708,1,8405
218,-0.6086050489999999,-0.05688453876,0.7908159192,0.0185258744729713,0.0138306943124008,0.0131168978244514,1,8405
219,-0.6019030766000002,-0.0526587527999999,0.7961750220000002,0.0138294739254132,0.0107884687031286,0.0098726918955875,1,8405
220,-0.6609442010999999,-0.03622513746,0.7518836428000002,0.0196784051652442,0.0072749785613684,0.014057903794083,1,8405
221,-0.6327002151,-0.0614233455899999,0.7711133514000003,0.0196908262718981,0.0065539173777675,0.0156269272886065,1,8405
222,-0.6133921805000001,-0.0545368803599999,0.7884516009000003,0.0101480487920338,0.007858657586435,0.0072439052633613,1,8405
223,-0.6334980705000001,-0.08333484127,0.7698523948999998,0.0130288777563857,0.0344538947329975,0.01349686733892,1,8405
224,-0.6422744486000002,-0.1280968908,0.7578732579999997,0.0091778458004166,0.0060432329830578,0.0041642190920388,1,8405
225,-0.6820075700999999,-0.094916629184,0.7269795901,0.1032971774220224,0.0442578368158427,0.0745140284698752,1,8405
226,-0.7798244041000001,0.0240314693939999,0.6623551374000002,0.0987901168555183,0.0757790054696947,0.0751578702119643,1,8405
227,-0.7924304927999999,0.2539456308,0.2181802692699999,0.1858757537838026,0.1102633269305446,0.5014833808694075,1,8405
228,-0.7338680447999999,0.35708615407,0.5487106779000002,0.1377298601681002,0.0804959758220724,0.1286404997469467,1,8405
229,-0.9212040575000002,0.26490138106,0.3445920046999999,0.1860242316662553,0.0601555571060524,0.1658548700519933,1,8405
230,-0.7490272658999999,0.3126371279,0.5709351893,0.0734410653205996,0.0546251649634859,0.1026413281088114,1,8405
231,-0.8042387267899997,0.1894632396859999,0.5168713299999999,0.275690429031656,0.2091060485832507,0.132721232020592,1,8405
232,-0.7482294126,-0.1999352774339999,0.5871701169000001,0.1738137433685659,0.3452553195089609,0.160366977791587,1,8405
233,-0.6459445755000001,0.2699097217,0.7265067208000001,0.0836220974230444,0.0330982883377998,0.0343376325830957,1,8405
234,-0.6673270577,0.073019308996,0.6697633085000001,0.1566668712088771,0.2871220183449124,0.1346304739748806,1,8405
235,-0.7309957697,-0.2836684816299999,0.5947359044,0.1254513885895802,0.2258245787745572,0.1024902458658158,1,8405
236,-0.6290300817,0.3101329585,0.7421111604000002,0.0779849538240491,0.0562937499261443,0.0511586199723785,1,8405
237,-0.7000390476999999,0.29792512653,0.6202704411,0.2074512960605805,0.0885894406096997,0.1604060970959925,1,8405
238,-0.8256212047000002,-0.3278044878,0.5911106224000001,0.1411719154184562,0.1388305405025537,0.0911503900039604,1,8405
239,-0.490363122,0.30997644193,0.7804129761,0.1083746803077635,0.0942402975453723,0.1343898021360694,1,8405
240,-0.8149299642999998,0.3034029985,0.4405829477999999,0.1491200170511555,0.0222337724334122,0.217801452552773,1,8405
241,-0.8817901043,0.0224663633159999,0.3882529117,0.0846777827823259,0.2579832334242486,0.1371761214407947,1,8405
242,-0.5877012582999999,-0.2761559721779999,0.7816739370000002,0.1550326485171836,0.1319161184542693,0.1297341719065862,1,8405
243,-0.7059431701000001,-0.238749926518,0.6284667093,0.1234117827160495,0.2149120070115967,0.149034099147338,1,8405
244,-0.8908856386000003,0.3318879358999999,0.3084968792,0.0673747071003281,0.0351235260728992,0.1659575018308962,1,8405
245,-0.9456183848,0.3789976504,-0.16877831804,0.0683398941928155,0.1212444707957845,0.1295347663227651,1,8405
246,-0.6355724761,-0.1933618336339999,0.5736147348799999,0.1655118009801456,0.2862357974519784,0.3808627399849166,1,8405
247,-0.6317427847,-0.2759994603,0.7105870371,0.1502102395473845,0.0407556501681568,0.1018411751832111,1,8405
248,-0.7550909416000002,-0.27803410007,0.6650346895999999,0.1339868123302662,0.0775125652314733,0.085749611306862,1,8405
249,-0.7463145580000002,0.384005987498,0.4774661766000001,0.1874456711178552,0.0977135326383905,0.1177633686585273,1,8405
250,-0.7421657229,0.359433819,0.5558036132999998,0.0846891874815603,0.0364482850930744,0.066129148839837,1,8405
251,-0.8016855955000001,0.479477492,0.27429320938,0.1968733892756966,0.1640671428978449,0.3339385366951419,1,8405
252,-0.5221176936999999,0.7503974435,0.0652882831399999,0.1640402489443247,0.0970772751172716,0.2238987872032716,1,8405
253,-0.9125872515,0.4187513567999999,0.2407200202,0.068263632931069,0.0370985909040363,0.0512627666283993,1,8405
254,-0.7847710945000003,0.5516289032,-0.07972267716,0.2386434404499886,0.1421339304960645,0.2572363058472231,1,8405
255,-0.6189771182000001,0.7148695256000002,0.04716191141,0.2366435282756362,0.1336557707395749,0.223357045900863,1,8405
256,-0.9491289435000002,0.3553645345,0.1095796624699999,0.0307969333615465,0.0283396125674599,0.0495156715567365,1,8405
257,-0.9339697276,0.3494171362000001,0.1683721478,0.018123764812771,0.0125947362510908,0.0161015082851687,1,8405
258,-0.9255124756999998,0.3613119407999998,0.16506211608,0.0186338508410162,0.0115793899336468,0.0620928927151671,1,8405
259,-0.9366824359,0.394648713,-0.01588633839,0.0150444840581555,0.020699039586384,0.0202646990747818,1,8405
260,-0.5224368297,0.6968707964999998,0.1827156376499999,0.3268914414510847,0.079477480865267,0.1702706564708483,1,8405
261,-0.7884412151,0.182263745372,0.6547893484,0.2256430641080408,0.1864956860449535,0.1807801494311465,1,8405
262,-0.8045578776000002,0.2312515871999999,0.4982720998000002,0.124417623444834,0.0516736624704747,0.1763365077992896,1,8405
263,-0.8672691770000001,0.3004292966,0.4074826402000001,0.0222655165412455,0.0117711831511918,0.0237093366615964,1,8405
264,-0.8860985215000002,0.3035594983,0.3628760076000001,0.0263380709326492,0.016497666737757,0.0442118858802057,1,8405
265,-0.9314165988000002,0.3212452045,0.20052676701,0.0240299864912368,0.0130577278559087,0.0952612505219452,1,8405
266,-0.949448106,0.332670486,0.1092644225499999,0.009351361613529,0.0068996935640345,0.014218543978715,1,8405
267,-0.6826458291,0.6154852556999999,0.1994234218999999,0.3642973958751846,0.188628552599417,0.1269691494673695,1,8405
268,-0.6360511868,0.4268899118,0.5420906227000001,0.2869524320179071,0.2344768229225221,0.1860171330272187,1,8405
269,-0.6017435037,0.0744278983399999,0.7996426811999998,0.0192576569316573,0.014090351453431,0.0083465295741152,1,8405
270,-0.6153070245000002,0.0742713851,0.7870330155000004,0.0119196189288125,0.0071653139900969,0.00846593193255,1,8405
271,-0.6304662305000001,0.077401597,0.7728471606000004,0.007952694013545,0.0034282537826646,0.0031524030909132,1,8405
272,-0.6430723009,0.0734888319999999,0.7654390199999997,0.0096224647095462,0.0072083490184419,0.0079191187230077,1,8405
273,-0.6606250604,0.0650372592799999,0.752356521,0.0127293239116186,0.0072834743917724,0.0094731524044554,1,8405
274,-0.721421543,0.0522033846,0.7003417116,0.031597886400732,0.0147928100966871,0.0243134240386613,1,8405
275,-0.7546122444999999,0.0332655945799999,0.6686599439000002,0.010757053954724,0.0105882297577494,0.0088641616443669,1,8405
276,-0.7761542922000001,0.0312309560599999,0.6382391807,0.0196705672921344,0.0108980037040293,0.0173996777757563,1,8405
277,-0.7715267343000001,0.18492442818,0.6180637499,0.1468697858283921,0.1006807849765702,0.1412419307142092,1,8405
278,-0.8015260203000001,0.25832792964,0.40401496938,0.2181242488459834,0.121405892126719,0.3452217365512182,1,8405
279,-0.860886331,0.217948179686,0.3427005530199999,0.2797456718608009,0.1854563427752651,0.330473623980789,1,8405
280,-0.8106215540199999,0.219043753822,0.07127786345,0.2818991399830248,0.1542494259470058,0.5563601493516609,1,8405
281,-0.8064727112999998,0.247841716016,0.2846961645799999,0.3026717032767123,0.1739093973836885,0.5401429081540156,1,8405
282,-0.558659388,0.15925668042,0.75787322732,0.2109434585704325,0.073389107221352,0.2309754859913325,1,8405
283,-0.7649843338000001,0.176785874716,0.5873277414,0.1692620071338182,0.0842542094384205,0.2111293057710099,1,8405
284,-0.6204132593,0.0213707860559999,0.7843534914999999,0.0918816445541345,0.0816640081246791,0.1246008652556178,1,8405
285,-0.5123838712000002,-0.06862283379,0.8601689948000001,0.0121493608349119,0.0117248501056492,0.010383131267596,1,8405
286,-0.5374364719999999,-0.0762918522,0.8407816607999998,0.0143048355649643,0.0052900217972168,0.0095824382128427,1,8405
287,-0.5460532832,-0.0745702356,0.8352649482,0.0077512538654496,0.0067179779810357,0.005404693157318,1,8405
288,-0.5481277023999999,-0.06971840703,0.8346344669999999,0.007305418209661,0.0081355711528913,0.00525401,1,8405
289,-0.5514786848,-0.0656491318899999,0.8317973009999998,0.0105457811222134,0.00792606403906,0.0074572646984565,1,8405
290,-0.5859459818,0.0302918962479999,0.8100456514,0.0684624984747866,0.0811523251725845,0.0283575652854088,1,8405
291,-0.5482872921,0.10134773528,0.8335311185999997,0.0481027612602189,0.028788751199748,0.0333841838755353,1,8405
292,-0.5704676264999999,0.0115106151439999,0.8199757478999997,0.0515885557804449,0.0741351281065751,0.0651026473132278,1,8405
293,-0.5411065941,-0.0908473533999999,0.8377868743999999,0.0110867397842419,0.0086156324594637,0.0108603453924519,1,8405
294,-0.5675953472000002,-0.0916299052,0.8165081090999999,0.0171015262798157,0.0107551703840992,0.0110607061456971,1,8405
295,-0.5776483056,-0.0817697278,0.8105185233000001,0.0102689813650715,0.0068853247858195,0.0079697055877364,1,8405
296,-0.5883395457,-0.073318152378,0.8171385885,0.0249747114741083,0.0227817780200249,0.0133096616165553,1,8405
297,-0.5369577745,0.0138582757819999,0.8368411551,0.0989753067942472,0.1186101148342914,0.0809286626438822,1,8405
298,-0.5166922855,-0.000540707366,0.8549675254,0.0275620410454088,0.022952201236718,0.0290978919882343,1,8405
299,-0.5854672858000001,-0.018069900952,0.8117794761000002,0.0242048951100949,0.0097917918917057,0.0178348578533763,1,8405
